5e-005,1.13082
0.0001,1.13
0.00015,1.13061
0.0002,1.12763
0.00025,1.12118
0.0003,1.11953
0.00035,1.12152
0.0004,1.12068
0.00045,1.12205
0.0005,1.12231
0.00055,1.12187
0.0006,1.12449
0.00065,1.12287
0.0007,1.11979
0.00075,1.11611
0.0008,1.11022
0.00085,1.10743
0.0009,1.10807
0.00095,1.10195
0.001,1.10168
0.00105,1.10098
0.0011,1.1029
0.00115,1.10379
0.0012,1.09892
0.00125,1.09666
0.0013,1.09507
0.00135,1.09288
0.0014,1.08959
0.00145,1.0946
0.0015,1.09439
0.00155,1.09472
0.0016,1.09857
0.00165,1.09809
0.0017,1.09899
0.00175,1.094
0.0018,1.09539
0.00185,1.09701
0.0019,1.0978
0.00195,1.09597
0.002,1.09381
0.00205,1.09761
0.0021,1.09956
0.00215,1.10087
0.0022,1.09927
0.00225,1.10043
0.0023,1.09887
0.00235,1.10012
0.0024,1.09867
0.00245,1.09671
0.0025,1.10115
0.00255,1.10282
0.0026,1.09709
0.00265,1.09724
0.0027,1.10124
0.00275,1.10429
0.0028,1.10566
0.00285,1.10682
0.0029,1.10954
0.00295,1.11123
0.003,1.11199
0.00305,1.11024
0.0031,1.11245
0.00315,1.11213
0.0032,1.11015
0.00325,1.1121
0.0033,1.11122
0.00335,1.11239
0.0034,1.11312
0.00345,1.11291
0.0035,1.11396
0.00355,1.11433
0.0036,1.11572
0.00365,1.11949
0.0037,1.1145
0.00375,1.11476
0.0038,1.11891
0.00385,1.11492
0.0039,1.11122
0.00395,1.11398
0.004,1.11663
0.00405,1.1183
0.0041,1.11947
0.00415,1.11563
0.0042,1.1137
0.00425,1.11337
0.0043,1.11026
0.00435,1.10826
0.0044,1.10823
0.00445,1.10949
0.0045,1.11141
0.00455,1.11557
0.0046,1.11892
0.00465,1.11962
0.0047,1.12208
0.00475,1.12211
0.0048,1.12052
0.00485,1.11631
0.0049,1.11546
0.00495,1.11737
0.005,1.11836
0.00505,1.11839
0.0051,1.1137
0.00515,1.11106
0.0052,1.11178
0.00525,1.11582
0.0053,1.11437
0.00535,1.11567
0.0054,1.11579
0.00545,1.11874
0.0055,1.11634
0.00555,1.1125
0.0056,1.1126
0.00565,1.11062
0.0057,1.1139
0.00575,1.11706
0.0058,1.11813
0.00585,1.1259
0.0059,1.13009
0.00595,1.12799
0.006,1.12561
0.00605,1.124
0.0061,1.12432
0.00615,1.12106
0.0062,1.12295
0.00625,1.12536
0.0063,1.12677
0.00635,1.12783
0.0064,1.12597
0.00645,1.12202
0.0065,1.12655
0.00655,1.12873
0.0066,1.12348
0.00665,1.12533
0.0067,1.12783
0.00675,1.12623
0.0068,1.13003
0.00685,1.12809
0.0069,1.12657
0.00695,1.1264
0.007,1.12495
0.00705,1.12547
0.0071,1.12702
0.00715,1.12399
0.0072,1.12377
0.00725,1.12728
0.0073,1.12557
0.00735,1.12692
0.0074,1.13726
0.00745,1.1387
0.0075,1.13778
0.00755,1.13665
0.0076,1.13014
0.00765,1.13076
0.0077,1.13345
0.00775,1.1276
0.0078,1.12509
0.00785,1.12977
0.0079,1.13418
0.00795,1.13713
0.008,1.1381
0.00805,1.13938
0.0081,1.14566
0.00815,1.14447
0.0082,1.14259
0.00825,1.14123
0.0083,1.13797
0.00835,1.13893
0.0084,1.13533
0.00845,1.13569
0.0085,1.13505
0.00855,1.13977
0.0086,1.13934
0.00865,1.14143
0.0087,1.14009
0.00875,1.13539
0.0088,1.13198
0.00885,1.13471
0.0089,1.13847
0.00895,1.13789
0.009,1.13739
0.00905,1.14622
0.0091,1.14855
0.00915,1.14755
0.0092,1.14535
0.00925,1.14241
0.0093,1.13871
0.00935,1.13858
0.0094,1.1385
0.00945,1.13769
0.0095,1.13812
0.00955,1.13516
0.0096,1.13319
0.00965,1.13294
0.0097,1.13612
0.00975,1.13848
0.0098,1.13977
0.00985,1.13876
0.0099,1.14102
0.00995,1.14561
0.01,1.14634
0.01005,1.1473
0.0101,1.14575
0.01015,1.14736
0.0102,1.15272
0.01025,1.15667
0.0103,1.15603
0.01035,1.15304
0.0104,1.15158
0.01045,1.15451
0.0105,1.15373
0.01055,1.15567
0.0106,1.15803
0.01065,1.15379
0.0107,1.15031
0.01075,1.15124
0.0108,1.14988
0.01085,1.1477
0.0109,1.14462
0.01095,1.14782
0.011,1.15296
0.01105,1.15304
0.0111,1.14837
0.01115,1.14749
0.0112,1.14784
0.01125,1.15353
0.0113,1.15373
0.01135,1.15527
0.0114,1.15682
0.01145,1.15509
0.0115,1.15298
0.01155,1.15232
0.0116,1.14802
0.01165,1.15133
0.0117,1.15162
0.01175,1.15245
0.0118,1.15524
0.01185,1.1576
0.0119,1.15902
0.01195,1.15684
0.012,1.15582
0.01205,1.15562
0.0121,1.15647
0.01215,1.15354
0.0122,1.1533
0.01225,1.15347
0.0123,1.15274
0.01235,1.15037
0.0124,1.14691
0.01245,1.14801
0.0125,1.14974
0.01255,1.15225
0.0126,1.15605
0.01265,1.15614
0.0127,1.15744
0.01275,1.1584
0.0128,1.1566
0.01285,1.16072
0.0129,1.16265
0.01295,1.15876
0.013,1.15945
0.01305,1.15919
0.0131,1.16036
0.01315,1.16142
0.0132,1.15834
0.01325,1.15631
0.0133,1.15489
0.01335,1.15881
0.0134,1.16323
0.01345,1.164
0.0135,1.16322
0.01355,1.16305
0.0136,1.16069
0.01365,1.16413
0.0137,1.16552
0.01375,1.16607
0.0138,1.16683
0.01385,1.16549
0.0139,1.1638
0.01395,1.16227
0.014,1.1598
0.01405,1.16012
0.0141,1.15942
0.01415,1.16238
0.0142,1.16314
0.01425,1.16206
0.0143,1.16337
0.01435,1.16972
0.0144,1.17042
0.01445,1.16639
0.0145,1.17018
0.01455,1.16917
0.0146,1.16363
0.01465,1.1634
0.0147,1.16125
0.01475,1.16246
0.0148,1.16528
0.01485,1.16806
0.0149,1.16972
0.01495,1.17349
0.015,1.17778
0.01505,1.1717
0.0151,1.16963
0.01515,1.1703
0.0152,1.17155
0.01525,1.1737
0.0153,1.17399
0.01535,1.17147
0.0154,1.17172
0.01545,1.17738
0.0155,1.18457
0.01555,1.18432
0.0156,1.18064
0.01565,1.17568
0.0157,1.17594
0.01575,1.17982
0.0158,1.18132
0.01585,1.17961
0.0159,1.17912
0.01595,1.17645
0.016,1.17659
0.01605,1.17427
0.0161,1.17517
0.01615,1.17451
0.0162,1.17787
0.01625,1.18045
0.0163,1.17839
0.01635,1.17773
0.0164,1.17706
0.01645,1.17654
0.0165,1.17733
0.01655,1.18206
0.0166,1.18733
0.01665,1.18635
0.0167,1.18469
0.01675,1.18785
0.0168,1.18493
0.01685,1.18717
0.0169,1.18353
0.01695,1.18013
0.017,1.1806
0.01705,1.18153
0.0171,1.18385
0.01715,1.18481
0.0172,1.18818
0.01725,1.18875
0.0173,1.18838
0.01735,1.19178
0.0174,1.195
0.01745,1.19584
0.0175,1.19264
0.01755,1.19329
0.0176,1.19264
0.01765,1.19259
0.0177,1.19348
0.01775,1.19232
0.0178,1.18896
0.01785,1.1893
0.0179,1.18925
0.01795,1.18832
0.018,1.1892
0.01805,1.19027
0.0181,1.18772
0.01815,1.19386
0.0182,1.19442
0.01825,1.19084
0.0183,1.19229
0.01835,1.19415
0.0184,1.19129
0.01845,1.18971
0.0185,1.19041
0.01855,1.18748
0.0186,1.18957
0.01865,1.19169
0.0187,1.19573
0.01875,1.19737
0.0188,1.19781
0.01885,1.19319
0.0189,1.18855
0.01895,1.19429
0.019,1.19496
0.01905,1.19288
0.0191,1.19519
0.01915,1.19363
0.0192,1.19564
0.01925,1.19194
0.0193,1.19242
0.01935,1.19502
0.0194,1.19633
0.01945,1.19839
0.0195,1.20037
0.01955,1.20137
0.0196,1.20225
0.01965,1.20176
0.0197,1.19764
0.01975,1.19665
0.0198,1.1967
0.01985,1.19415
0.0199,1.19305
0.01995,1.19226
0.02,1.19412
0.02005,1.19613
0.0201,1.19552
0.02015,1.19851
0.0202,1.19915
0.02025,1.19781
0.0203,1.19564
0.02035,1.19879
0.0204,1.20239
0.02045,1.19721
0.0205,1.19583
0.02055,1.19642
0.0206,1.19606
0.02065,1.19668
0.0207,1.20384
0.02075,1.20217
0.0208,1.19789
0.02085,1.20014
0.0209,1.19952
0.02095,1.19773
0.021,1.19886
0.02105,1.20248
0.0211,1.20301
0.02115,1.20571
0.0212,1.20454
0.02125,1.20144
0.0213,1.20155
0.02135,1.20304
0.0214,1.20033
0.02145,1.20397
0.0215,1.20198
0.02155,1.20433
0.0216,1.20146
0.02165,1.19911
0.0217,1.19825
0.02175,1.20619
0.0218,1.20858
0.02185,1.20797
0.0219,1.20826
0.02195,1.20469
0.022,1.20217
0.02205,1.20423
0.0221,1.2082
0.02215,1.2066
0.0222,1.20649
0.02225,1.20729
0.0223,1.21076
0.02235,1.20877
0.0224,1.20884
0.02245,1.2133
0.0225,1.20951
0.02255,1.20664
0.0226,1.2069
0.02265,1.21214
0.0227,1.21264
0.02275,1.20988
0.0228,1.20854
0.02285,1.20553
0.0229,1.2053
0.02295,1.20788
0.023,1.20741
0.02305,1.20858
0.0231,1.20957
0.02315,1.2115
0.0232,1.21409
0.02325,1.21105
0.0233,1.20887
0.02335,1.2084
0.0234,1.20831
0.02345,1.20816
0.0235,1.21
0.02355,1.2111
0.0236,1.20736
0.02365,1.20896
0.0237,1.20878
0.02375,1.21104
0.0238,1.2147
0.02385,1.21536
0.0239,1.20983
0.02395,1.21051
0.024,1.21138
0.02405,1.21195
0.0241,1.21383
0.02415,1.21423
0.0242,1.21458
0.02425,1.21498
0.0243,1.21867
0.02435,1.21772
0.0244,1.21452
0.02445,1.21362
0.0245,1.21582
0.02455,1.21856
0.0246,1.22128
0.02465,1.22108
0.0247,1.22076
0.02475,1.21916
0.0248,1.22248
0.02485,1.22319
0.0249,1.22549
0.02495,1.22384
0.025,1.2207
0.02505,1.22027
0.0251,1.21842
0.02515,1.21588
0.0252,1.21653
0.02525,1.21728
0.0253,1.21672
0.02535,1.21911
0.0254,1.21929
0.02545,1.22236
0.0255,1.22018
0.02555,1.21746
0.0256,1.22187
0.02565,1.22506
0.0257,1.22355
0.02575,1.22322
0.0258,1.23078
0.02585,1.23321
0.0259,1.22763
0.02595,1.22566
0.026,1.22341
0.02605,1.22749
0.0261,1.22735
0.02615,1.22734
0.0262,1.22477
0.02625,1.2255
0.0263,1.22283
0.02635,1.22268
0.0264,1.22874
0.02645,1.23162
0.0265,1.22807
0.02655,1.22293
0.0266,1.2254
0.02665,1.23216
0.0267,1.23629
0.02675,1.23776
0.0268,1.23872
0.02685,1.235
0.0269,1.23043
0.02695,1.22839
0.027,1.2259
0.02705,1.22631
0.0271,1.22724
0.02715,1.22647
0.0272,1.22886
0.02725,1.22827
0.0273,1.22747
0.02735,1.22741
0.0274,1.23127
0.02745,1.22959
0.0275,1.23158
0.02755,1.23425
0.0276,1.23237
0.02765,1.22761
0.0277,1.22824
0.02775,1.23178
0.0278,1.23469
0.02785,1.23568
0.0279,1.23907
0.02795,1.24046
0.028,1.23146
0.02805,1.22761
0.0281,1.22933
0.02815,1.23396
0.0282,1.2364
0.02825,1.23439
0.0283,1.23324
0.02835,1.23649
0.0284,1.23855
0.02845,1.23895
0.0285,1.24357
0.02855,1.24363
0.0286,1.24131
0.02865,1.2414
0.0287,1.23963
0.02875,1.24108
0.0288,1.2362
0.02885,1.23181
0.0289,1.23469
0.02895,1.23832
0.029,1.23751
0.02905,1.23777
0.0291,1.23466
0.02915,1.2388
0.0292,1.2391
0.02925,1.24299
0.0293,1.24479
0.02935,1.24124
0.0294,1.23738
0.02945,1.23895
0.0295,1.24263
0.02955,1.24319
0.0296,1.24264
0.02965,1.24133
0.0297,1.24259
0.02975,1.24073
0.0298,1.23776
0.02985,1.23669
0.0299,1.23814
0.02995,1.23878
0.03,1.23753
0.03005,1.24128
0.0301,1.23681
0.03015,1.23635
0.0302,1.24113
0.03025,1.23754
0.0303,1.23849
0.03035,1.23893
0.0304,1.24504
0.03045,1.24299
0.0305,1.24021
0.03055,1.24662
0.0306,1.25325
0.03065,1.25251
0.0307,1.25189
0.03075,1.2548
0.0308,1.25508
0.03085,1.2512
0.0309,1.24845
0.03095,1.24868
0.031,1.24925
0.03105,1.24617
0.0311,1.24824
0.03115,1.24763
0.0312,1.24369
0.03125,1.24255
0.0313,1.24378
0.03135,1.24066
0.0314,1.24086
0.03145,1.24418
0.0315,1.24569
0.03155,1.24897
0.0316,1.25234
0.03165,1.24969
0.0317,1.24966
0.03175,1.2499
0.0318,1.25511
0.03185,1.25834
0.0319,1.25637
0.03195,1.2561
0.032,1.25524
0.03205,1.25569
0.0321,1.2582
0.03215,1.25608
0.0322,1.25421
0.03225,1.24794
0.0323,1.24896
0.03235,1.2534
0.0324,1.25373
0.03245,1.25283
0.0325,1.25263
0.03255,1.25163
0.0326,1.24934
0.03265,1.25442
0.0327,1.25878
0.03275,1.2582
0.0328,1.25317
0.03285,1.2517
0.0329,1.2563
0.03295,1.25892
0.033,1.25749
0.03305,1.25839
0.0331,1.2638
0.03315,1.26486
0.0332,1.26521
0.03325,1.26167
0.0333,1.25805
0.03335,1.26219
0.0334,1.26481
0.03345,1.26489
0.0335,1.26252
0.03355,1.26425
0.0336,1.26457
0.03365,1.26327
0.0337,1.26579
0.03375,1.26409
0.0338,1.26075
0.03385,1.26205
0.0339,1.26281
0.03395,1.26255
0.034,1.26345
0.03405,1.25997
0.0341,1.25926
0.03415,1.2638
0.0342,1.26492
0.03425,1.2624
0.0343,1.26191
0.03435,1.25732
0.0344,1.25442
0.03445,1.2555
0.0345,1.25572
0.03455,1.25717
0.0346,1.26319
0.03465,1.26519
0.0347,1.26449
0.03475,1.26966
0.0348,1.27034
0.03485,1.2682
0.0349,1.2687
0.03495,1.27081
0.035,1.27265
0.03505,1.27473
0.0351,1.276
0.03515,1.27656
0.0352,1.27571
0.03525,1.27656
0.0353,1.27694
0.03535,1.27775
0.0354,1.27964
0.03545,1.274
0.0355,1.27265
0.03555,1.26869
0.0356,1.26742
0.03565,1.26884
0.0357,1.27456
0.03575,1.27444
0.0358,1.27218
0.03585,1.2714
0.0359,1.27362
0.03595,1.27168
0.036,1.27546
0.03605,1.27662
0.0361,1.27612
0.03615,1.2758
0.0362,1.27406
0.03625,1.27384
0.0363,1.27671
0.03635,1.27674
0.0364,1.27368
0.03645,1.27267
0.0365,1.27554
0.03655,1.27554
0.0366,1.27728
0.03665,1.28245
0.0367,1.28404
0.03675,1.2835
0.0368,1.2863
0.03685,1.28784
0.0369,1.28871
0.03695,1.28302
0.037,1.28411
0.03705,1.29124
0.0371,1.29045
0.03715,1.28883
0.0372,1.28649
0.03725,1.28955
0.0373,1.28903
0.03735,1.29223
0.0374,1.29139
0.03745,1.28526
0.0375,1.28637
0.03755,1.29092
0.0376,1.29284
0.03765,1.29119
0.0377,1.29064
0.03775,1.28758
0.0378,1.28431
0.03785,1.28694
0.0379,1.29029
0.03795,1.29183
0.038,1.29231
0.03805,1.29571
0.0381,1.29452
0.03815,1.28962
0.0382,1.29071
0.03825,1.2902
0.0383,1.29435
0.03835,1.29295
0.0384,1.29187
0.03845,1.28977
0.0385,1.28981
0.03855,1.2901
0.0386,1.28927
0.03865,1.2854
0.0387,1.29318
0.03875,1.2951
0.0388,1.29402
0.03885,1.29267
0.0389,1.29907
0.03895,1.3012
0.039,1.29995
0.03905,1.29704
0.0391,1.2958
0.03915,1.29901
0.0392,1.29939
0.03925,1.29864
0.0393,1.29669
0.03935,1.29711
0.0394,1.29101
0.03945,1.28784
0.0395,1.28746
0.03955,1.29058
0.0396,1.29629
0.03965,1.30339
0.0397,1.30653
0.03975,1.3014
0.0398,1.30085
0.03985,1.30465
0.0399,1.30773
0.03995,1.30212
0.04,1.30297
0.04005,1.30793
0.0401,1.30657
0.04015,1.30473
0.0402,1.3087
0.04025,1.31037
0.0403,1.3045
0.04035,1.29925
0.0404,1.2983
0.04045,1.29834
0.0405,1.30374
0.04055,1.30273
0.0406,1.29998
0.04065,1.30041
0.0407,1.30245
0.04075,1.30482
0.0408,1.30793
0.04085,1.30525
0.0409,1.31057
0.04095,1.30841
0.041,1.30487
0.04105,1.3103
0.0411,1.3099
0.04115,1.30633
0.0412,1.30766
0.04125,1.30719
0.0413,1.30491
0.04135,1.30297
0.0414,1.30458
0.04145,1.3031
0.0415,1.30856
0.04155,1.30821
0.0416,1.3095
0.04165,1.30848
0.0417,1.31057
0.04175,1.31523
0.0418,1.31402
0.04185,1.31451
0.0419,1.31491
0.04195,1.31636
0.042,1.31677
0.04205,1.31532
0.0421,1.31019
0.04215,1.30865
0.0422,1.30941
0.04225,1.3086
0.0423,1.30888
0.04235,1.31649
0.0424,1.31594
0.04245,1.31768
0.0425,1.31611
0.04255,1.31526
0.0426,1.31248
0.04265,1.31523
0.0427,1.31597
0.04275,1.31857
0.0428,1.32109
0.04285,1.3217
0.0429,1.31939
0.04295,1.31488
0.043,1.31579
0.04305,1.31674
0.0431,1.31884
0.04315,1.31802
0.0432,1.31745
0.04325,1.32266
0.0433,1.32534
0.04335,1.32728
0.0434,1.32669
0.04345,1.32142
0.0435,1.32269
0.04355,1.32336
0.0436,1.32481
0.04365,1.32519
0.0437,1.32193
0.04375,1.31948
0.0438,1.31906
0.04385,1.32067
0.0439,1.32017
0.04395,1.31974
0.044,1.31947
0.04405,1.32124
0.0441,1.31855
0.04415,1.31692
0.0442,1.31654
0.04425,1.31988
0.0443,1.32199
0.04435,1.32247
0.0444,1.32269
0.04445,1.3265
0.0445,1.32954
0.04455,1.32595
0.0446,1.32466
0.04465,1.32408
0.0447,1.32782
0.04475,1.3307
0.0448,1.33134
0.04485,1.33015
0.0449,1.32955
0.04495,1.32928
0.045,1.3332
0.04505,1.33297
0.0451,1.33348
0.04515,1.33654
0.0452,1.3352
0.04525,1.32972
0.0453,1.32543
0.04535,1.32235
0.0454,1.33117
0.04545,1.33192
0.0455,1.33428
0.04555,1.33277
0.0456,1.33172
0.04565,1.33201
0.0457,1.32835
0.04575,1.33061
0.0458,1.33502
0.04585,1.33529
0.0459,1.34176
0.04595,1.34266
0.046,1.34207
0.04605,1.34219
0.0461,1.33638
0.04615,1.33601
0.0462,1.3414
0.04625,1.34228
0.0463,1.3385
0.04635,1.33831
0.0464,1.33679
0.04645,1.33525
0.0465,1.33401
0.04655,1.33801
0.0466,1.33976
0.04665,1.33721
0.0467,1.33862
0.04675,1.3361
0.0468,1.33644
0.04685,1.34246
0.0469,1.34304
0.04695,1.33976
0.047,1.33941
0.04705,1.34695
0.0471,1.34622
0.04715,1.34368
0.0472,1.343
0.04725,1.34553
0.0473,1.34695
0.04735,1.34735
0.0474,1.34669
0.04745,1.34812
0.0475,1.34198
0.04755,1.3405
0.0476,1.33996
0.04765,1.34213
0.0477,1.34295
0.04775,1.34442
0.0478,1.34611
0.04785,1.34954
0.0479,1.3507
0.04795,1.35133
0.048,1.34577
0.04805,1.34426
0.0481,1.34669
0.04815,1.34849
0.0482,1.34933
0.04825,1.3461
0.0483,1.34632
0.04835,1.34877
0.0484,1.34965
0.04845,1.35018
0.0485,1.35086
0.04855,1.35423
0.0486,1.35824
0.04865,1.35823
0.0487,1.3587
0.04875,1.35815
0.0488,1.35845
0.04885,1.35302
0.0489,1.34855
0.04895,1.34832
0.049,1.34938
0.04905,1.35043
0.0491,1.35028
0.04915,1.34915
0.0492,1.3516
0.04925,1.35243
0.0493,1.35621
0.04935,1.35726
0.0494,1.35066
0.04945,1.35406
0.0495,1.36079
0.04955,1.35771
0.0496,1.35426
0.04965,1.35574
0.0497,1.35795
0.04975,1.36024
0.0498,1.35859
0.04985,1.35792
0.0499,1.35829
0.04995,1.3581
0.05,1.35414
0.05005,1.35723
0.0501,1.36343
0.05015,1.36206
0.0502,1.36076
0.05025,1.35505
0.0503,1.35409
0.05035,1.36007
0.0504,1.36175
0.05045,1.36007
0.0505,1.3556
0.05055,1.35319
0.0506,1.35553
0.05065,1.35975
0.0507,1.35685
0.05075,1.35961
0.0508,1.36726
0.05085,1.36851
0.0509,1.36599
0.05095,1.36497
0.051,1.36672
0.05105,1.36468
0.0511,1.37008
0.05115,1.3694
0.0512,1.36178
0.05125,1.35704
0.0513,1.35907
0.05135,1.36308
0.0514,1.36543
0.05145,1.36572
0.0515,1.36581
0.05155,1.36537
0.0516,1.36692
0.05165,1.36613
0.0517,1.36837
0.05175,1.36656
0.0518,1.36344
0.05185,1.36999
0.0519,1.36772
0.05195,1.36323
0.052,1.36172
0.05205,1.36953
0.0521,1.37619
0.05215,1.37368
0.0522,1.37156
0.05225,1.37086
0.0523,1.3728
0.05235,1.37384
0.0524,1.37289
0.05245,1.36915
0.0525,1.36975
0.05255,1.37406
0.0526,1.37323
0.05265,1.37204
0.0527,1.37132
0.05275,1.37063
0.0528,1.36705
0.05285,1.36817
0.0529,1.37225
0.05295,1.37608
0.053,1.37912
0.05305,1.37692
0.0531,1.37457
0.05315,1.37275
0.0532,1.3762
0.05325,1.37858
0.0533,1.38027
0.05335,1.3789
0.0534,1.37622
0.05345,1.37118
0.0535,1.37141
0.05355,1.37432
0.0536,1.37277
0.05365,1.37443
0.0537,1.37329
0.05375,1.37135
0.0538,1.37315
0.05385,1.37718
0.0539,1.37811
0.05395,1.38156
0.054,1.38206
0.05405,1.38056
0.0541,1.37701
0.05415,1.37976
0.0542,1.38233
0.05425,1.38484
0.0543,1.38044
0.05435,1.38256
0.0544,1.38122
0.05445,1.37895
0.0545,1.38139
0.05455,1.3843
0.0546,1.38534
0.05465,1.38641
0.0547,1.38673
0.05475,1.38478
0.0548,1.38351
0.05485,1.38801
0.0549,1.39239
0.05495,1.39118
0.055,1.38478
0.05505,1.38665
0.0551,1.39149
0.05515,1.38899
0.0552,1.38865
0.05525,1.39036
0.0553,1.39041
0.05535,1.39088
0.0554,1.39007
0.05545,1.38941
0.0555,1.38977
0.05555,1.38697
0.0556,1.38899
0.05565,1.39178
0.0557,1.39331
0.05575,1.39146
0.0558,1.39187
0.05585,1.39642
0.0559,1.391
0.05595,1.38754
0.056,1.39172
0.05605,1.39332
0.0561,1.38896
0.05615,1.38993
0.0562,1.389
0.05625,1.38923
0.0563,1.38758
0.05635,1.38642
0.0564,1.38798
0.05645,1.39118
0.0565,1.3937
0.05655,1.39288
0.0566,1.393
0.05665,1.39399
0.0567,1.39317
0.05675,1.3964
0.0568,1.39668
0.05685,1.39646
0.0569,1.39563
0.05695,1.39276
0.057,1.39181
0.05705,1.39468
0.0571,1.39508
0.05715,1.39181
0.0572,1.39097
0.05725,1.39062
0.0573,1.39471
0.05735,1.40074
0.0574,1.40252
0.05745,1.4
0.0575,1.4037
0.05755,1.4051
0.0576,1.40277
0.05765,1.39761
0.0577,1.3964
0.05775,1.39883
0.0578,1.4031
0.05785,1.40272
0.0579,1.4038
0.05795,1.40292
0.058,1.39836
0.05805,1.40003
0.0581,1.40303
0.05815,1.40557
0.0582,1.40534
0.05825,1.40057
0.0583,1.39915
0.05835,1.40275
0.0584,1.40783
0.05845,1.40148
0.0585,1.40054
0.05855,1.3995
0.0586,1.4017
0.05865,1.40669
0.0587,1.40646
0.05875,1.40448
0.0588,1.40548
0.05885,1.40541
0.0589,1.40483
0.05895,1.40647
0.059,1.40417
0.05905,1.40202
0.0591,1.40374
0.05915,1.40992
0.0592,1.40925
0.05925,1.40621
0.0593,1.40512
0.05935,1.40695
0.0594,1.40579
0.05945,1.40301
0.0595,1.40011
0.05955,1.40606
0.0596,1.40678
0.05965,1.40568
0.0597,1.40684
0.05975,1.40168
0.0598,1.40115
0.05985,1.40269
0.0599,1.40991
0.05995,1.41072
0.06,1.4104
0.06005,1.41104
0.0601,1.4172
0.06015,1.41561
0.0602,1.4122
0.06025,1.41316
0.0603,1.40989
0.06035,1.4062
0.0604,1.40911
0.06045,1.4141
0.0605,1.41091
0.06055,1.41481
0.0606,1.42134
0.06065,1.42248
0.0607,1.41947
0.06075,1.41783
0.0608,1.41477
0.06085,1.41294
0.0609,1.41406
0.06095,1.41314
0.061,1.41369
0.06105,1.4181
0.0611,1.41746
0.06115,1.41377
0.0612,1.41664
0.06125,1.41815
0.0613,1.4156
0.06135,1.41468
0.0614,1.41453
0.06145,1.41558
0.0615,1.41725
0.06155,1.41546
0.0616,1.40917
0.06165,1.40989
0.0617,1.41226
0.06175,1.42167
0.0618,1.4232
0.06185,1.41786
0.0619,1.41442
0.06195,1.41923
0.062,1.42135
0.06205,1.41845
0.0621,1.41658
0.06215,1.41975
0.0622,1.4208
0.06225,1.42388
0.0623,1.42459
0.06235,1.42283
0.0624,1.42369
0.06245,1.42425
0.0625,1.42218
0.06255,1.41723
0.0626,1.4132
0.06265,1.41178
0.0627,1.41653
0.06275,1.42094
0.0628,1.42016
0.06285,1.42083
0.0629,1.4176
0.06295,1.41896
0.063,1.42131
0.06305,1.42782
0.0631,1.42364
0.06315,1.42192
0.0632,1.42185
0.06325,1.42124
0.0633,1.42619
0.06335,1.42858
0.0634,1.43193
0.06345,1.42948
0.0635,1.4291
0.06355,1.43254
0.0636,1.42857
0.06365,1.42366
0.0637,1.42083
0.06375,1.42482
0.0638,1.42767
0.06385,1.43087
0.0639,1.43006
0.06395,1.42556
0.064,1.4273
0.06405,1.43025
0.0641,1.43411
0.06415,1.43197
0.0642,1.43286
0.06425,1.42959
0.0643,1.43186
0.06435,1.43463
0.0644,1.43238
0.06445,1.43202
0.0645,1.42608
0.06455,1.42774
0.0646,1.42462
0.06465,1.42663
0.0647,1.42721
0.06475,1.4304
0.0648,1.43588
0.06485,1.43318
0.0649,1.43011
0.06495,1.42703
0.065,1.4272
0.06505,1.42511
0.0651,1.425
0.06515,1.42907
0.0652,1.43246
0.06525,1.43624
0.0653,1.43438
0.06535,1.43548
0.0654,1.43728
0.06545,1.4354
0.0655,1.43615
0.06555,1.44073
0.0656,1.44064
0.06565,1.43618
0.0657,1.43667
0.06575,1.43913
0.0658,1.43341
0.06585,1.4336
0.0659,1.43405
0.06595,1.4318
0.066,1.43168
0.06605,1.43322
0.0661,1.4358
0.06615,1.43519
0.0662,1.43417
0.06625,1.43571
0.0663,1.43495
0.06635,1.43286
0.0664,1.43884
0.06645,1.44125
0.0665,1.44079
0.06655,1.4391
0.0666,1.43913
0.06665,1.44259
0.0667,1.44372
0.06675,1.44487
0.0668,1.4439
0.06685,1.44184
0.0669,1.44035
0.06695,1.44082
0.067,1.43957
0.06705,1.43757
0.0671,1.43952
0.06715,1.43672
0.0672,1.43402
0.06725,1.43899
0.0673,1.4458
0.06735,1.44833
0.0674,1.44932
0.06745,1.45094
0.0675,1.44709
0.06755,1.44604
0.0676,1.44337
0.06765,1.44297
0.0677,1.44671
0.06775,1.44995
0.0678,1.44999
0.06785,1.44763
0.0679,1.44657
0.06795,1.44961
0.068,1.45105
0.06805,1.4447
0.0681,1.44418
0.06815,1.443
0.0682,1.4465
0.06825,1.44622
0.0683,1.44723
0.06835,1.44805
0.0684,1.44796
0.06845,1.44348
0.0685,1.44448
0.06855,1.44311
0.0686,1.44494
0.06865,1.44258
0.0687,1.44039
0.06875,1.44517
0.0688,1.44833
0.06885,1.44635
0.0689,1.44798
0.06895,1.45153
0.069,1.44918
0.06905,1.44593
0.0691,1.44384
0.06915,1.4463
0.0692,1.4515
0.06925,1.44996
0.0693,1.44929
0.06935,1.45439
0.0694,1.45718
0.06945,1.45919
0.0695,1.4552
0.06955,1.45083
0.0696,1.44877
0.06965,1.44773
0.0697,1.45083
0.06975,1.45686
0.0698,1.45648
0.06985,1.45129
0.0699,1.45105
0.06995,1.4497
0.07,1.4467
0.07005,1.447
0.0701,1.44488
0.07015,1.44506
0.0702,1.44908
0.07025,1.45486
0.0703,1.45964
0.07035,1.45762
0.0704,1.45336
0.07045,1.4526
0.0705,1.45269
0.07055,1.45329
0.0706,1.45217
0.07065,1.45724
0.0707,1.45501
0.07075,1.45771
0.0708,1.46035
0.07085,1.46035
0.0709,1.46238
0.07095,1.45887
0.071,1.45881
0.07105,1.46133
0.0711,1.45805
0.07115,1.45527
0.0712,1.45278
0.07125,1.45625
0.0713,1.45321
0.07135,1.44984
0.0714,1.44905
0.07145,1.45945
0.0715,1.46054
0.07155,1.46092
0.0716,1.4588
0.07165,1.45634
0.0717,1.46019
0.07175,1.4633
0.0718,1.46513
0.07185,1.4662
0.0719,1.4662
0.07195,1.46752
0.072,1.46791
0.07205,1.46479
0.0721,1.46333
0.07215,1.45893
0.0722,1.45114
0.07225,1.45008
0.0723,1.45759
0.07235,1.46203
0.0724,1.45938
0.07245,1.46296
0.0725,1.46196
0.07255,1.45928
0.0726,1.45993
0.07265,1.46182
0.0727,1.46322
0.07275,1.46728
0.0728,1.46838
0.07285,1.46574
0.0729,1.46847
0.07295,1.46792
0.073,1.46429
0.07305,1.46487
0.0731,1.46501
0.07315,1.4617
0.0732,1.4624
0.07325,1.46366
0.0733,1.46427
0.07335,1.46315
0.0734,1.46345
0.07345,1.4665
0.0735,1.4635
0.07355,1.45976
0.0736,1.46208
0.07365,1.46644
0.0737,1.47087
0.07375,1.47462
0.0738,1.47024
0.07385,1.46968
0.0739,1.46978
0.07395,1.47061
0.074,1.46806
0.07405,1.46963
0.0741,1.46934
0.07415,1.47216
0.0742,1.46994
0.07425,1.47203
0.0743,1.47201
0.07435,1.47227
0.0744,1.4676
0.07445,1.46693
0.0745,1.47279
0.07455,1.47151
0.0746,1.47459
0.07465,1.47557
0.0747,1.47261
0.07475,1.47233
0.0748,1.47259
0.07485,1.47416
0.0749,1.4786
0.07495,1.48034
0.075,1.47918
0.07505,1.47612
0.0751,1.47503
0.07515,1.48036
0.0752,1.47642
0.07525,1.47641
0.0753,1.47705
0.07535,1.47444
0.0754,1.47509
0.07545,1.47453
0.0755,1.48046
0.07555,1.48588
0.0756,1.48465
0.07565,1.47964
0.0757,1.47976
0.07575,1.47605
0.0758,1.47395
0.07585,1.46937
0.0759,1.4716
0.07595,1.47535
0.076,1.47654
0.07605,1.47903
0.0761,1.4808
0.07615,1.48313
0.0762,1.48178
0.07625,1.48286
0.0763,1.47834
0.07635,1.47895
0.0764,1.48152
0.07645,1.48574
0.0765,1.4864
0.07655,1.48992
0.0766,1.49684
0.07665,1.49243
0.0767,1.48962
0.07675,1.48886
0.0768,1.4864
0.07685,1.48574
0.0769,1.48628
0.07695,1.48809
0.077,1.48628
0.07705,1.48515
0.0771,1.48753
0.07715,1.48661
0.0772,1.48236
0.07725,1.48455
0.0773,1.48699
0.07735,1.48713
0.0774,1.48689
0.07745,1.48788
0.0775,1.48779
0.07755,1.48797
0.0776,1.49569
0.07765,1.49536
0.0777,1.49247
0.07775,1.48884
0.0778,1.48927
0.07785,1.49354
0.0779,1.4944
0.07795,1.48852
0.078,1.48687
0.07805,1.49092
0.0781,1.4909
0.07815,1.48559
0.0782,1.48512
0.07825,1.48699
0.0783,1.48957
0.07835,1.49029
0.0784,1.4869
0.07845,1.48642
0.0785,1.48626
0.07855,1.48892
0.0786,1.48727
0.07865,1.4875
0.0787,1.48533
0.07875,1.49321
0.0788,1.49157
0.07885,1.48962
0.0789,1.49002
0.07895,1.49311
0.079,1.49517
0.07905,1.49455
0.0791,1.49621
0.07915,1.49507
0.0792,1.49647
0.07925,1.49661
0.0793,1.49584
0.07935,1.49607
0.0794,1.4934
0.07945,1.49351
0.0795,1.50172
0.07955,1.5018
0.0796,1.49919
0.07965,1.49978
0.0797,1.49511
0.07975,1.49736
0.0798,1.49844
0.07985,1.49357
0.0799,1.49374
0.07995,1.49292
0.08,1.49317
0.08005,1.49278
0.0801,1.49575
0.08015,1.49496
0.0802,1.49725
0.08025,1.49916
0.0803,1.4951
0.08035,1.49618
0.0804,1.49938
0.08045,1.49845
0.0805,1.50225
0.08055,1.50277
0.0806,1.49981
0.08065,1.49783
0.0807,1.49983
0.08075,1.50013
0.0808,1.49987
0.08085,1.50164
0.0809,1.50486
0.08095,1.5017
0.081,1.50109
0.08105,1.50047
0.0811,1.49711
0.08115,1.49818
0.0812,1.49633
0.08125,1.49729
0.0813,1.50076
0.08135,1.50213
0.0814,1.49966
0.08145,1.49696
0.0815,1.49984
0.08155,1.49444
0.0816,1.49688
0.08165,1.49597
0.0817,1.49877
0.08175,1.50352
0.0818,1.50508
0.08185,1.50936
0.0819,1.51187
0.08195,1.50607
0.082,1.50718
0.08205,1.5075
0.0821,1.50926
0.08215,1.50895
0.0822,1.50862
0.08225,1.50437
0.0823,1.50572
0.08235,1.50933
0.0824,1.51037
0.08245,1.51026
0.0825,1.50564
0.08255,1.50408
0.0826,1.50874
0.08265,1.50811
0.0827,1.50619
0.08275,1.50433
0.0828,1.50526
0.08285,1.50515
0.0829,1.51069
0.08295,1.51402
0.083,1.50491
0.08305,1.50155
0.0831,1.50372
0.08315,1.5097
0.0832,1.51603
0.08325,1.51264
0.0833,1.51014
0.08335,1.51147
0.0834,1.51049
0.08345,1.50495
0.0835,1.50817
0.08355,1.51063
0.0836,1.51255
0.08365,1.51399
0.0837,1.51878
0.08375,1.51319
0.0838,1.51403
0.08385,1.51637
0.0839,1.51434
0.08395,1.5095
0.084,1.5119
0.08405,1.5088
0.0841,1.50729
0.08415,1.50889
0.0842,1.51397
0.08425,1.51481
0.0843,1.51173
0.08435,1.512
0.0844,1.51362
0.08445,1.50824
0.0845,1.50788
0.08455,1.50996
0.0846,1.51351
0.08465,1.51576
0.0847,1.51957
0.08475,1.51406
0.0848,1.516
0.08485,1.5166
0.0849,1.51783
0.08495,1.51541
0.085,1.51309
0.08505,1.5159
0.0851,1.52156
0.08515,1.52088
0.0852,1.52021
0.08525,1.51968
0.0853,1.52281
0.08535,1.52423
0.0854,1.52462
0.08545,1.52142
0.0855,1.52156
0.08555,1.52214
0.0856,1.52493
0.08565,1.52334
0.0857,1.51944
0.08575,1.51879
0.0858,1.51742
0.08585,1.5178
0.0859,1.52252
0.08595,1.52061
0.086,1.51873
0.08605,1.51173
0.0861,1.51199
0.08615,1.51426
0.0862,1.51492
0.08625,1.51841
0.0863,1.5234
0.08635,1.52082
0.0864,1.51921
0.08645,1.52061
0.0865,1.52435
0.08655,1.52635
0.0866,1.52812
0.08665,1.52764
0.0867,1.52584
0.08675,1.52342
0.0868,1.52891
0.08685,1.52836
0.0869,1.5232
0.08695,1.52098
0.087,1.52078
0.08705,1.52221
0.0871,1.524
0.08715,1.5265
0.0872,1.52636
0.08725,1.52792
0.0873,1.52816
0.08735,1.52851
0.0874,1.52735
0.08745,1.52865
0.0875,1.52601
0.08755,1.52073
0.0876,1.52455
0.08765,1.53215
0.0877,1.52961
0.08775,1.52337
0.0878,1.52618
0.08785,1.53161
0.0879,1.53195
0.08795,1.53092
0.088,1.52551
0.08805,1.52018
0.0881,1.51873
0.08815,1.52131
0.0882,1.52952
0.08825,1.52769
0.0883,1.52253
0.08835,1.52462
0.0884,1.53199
0.08845,1.53379
0.0885,1.53099
0.08855,1.5308
0.0886,1.52993
0.08865,1.5283
0.0887,1.52839
0.08875,1.53179
0.0888,1.52955
0.08885,1.52825
0.0889,1.52746
0.08895,1.52709
0.089,1.53572
0.08905,1.54164
0.0891,1.53703
0.08915,1.53331
0.0892,1.53231
0.08925,1.53054
0.0893,1.52319
0.08935,1.52438
0.0894,1.52619
0.08945,1.52902
0.0895,1.53407
0.08955,1.53593
0.0896,1.53648
0.08965,1.53491
0.0897,1.53331
0.08975,1.52829
0.0898,1.5251
0.08985,1.52867
0.0899,1.5319
0.08995,1.53692
0.09,1.53772
0.09005,1.5346
0.0901,1.53475
0.09015,1.54045
0.0902,1.54333
0.09025,1.53988
0.0903,1.54058
0.09035,1.53773
0.0904,1.53207
0.09045,1.53031
0.0905,1.53073
0.09055,1.53155
0.0906,1.53619
0.09065,1.5361
0.0907,1.53056
0.09075,1.53239
0.0908,1.54092
0.09085,1.54368
0.0909,1.54505
0.09095,1.54467
0.091,1.54666
0.09105,1.54097
0.0911,1.53503
0.09115,1.53643
0.0912,1.53869
0.09125,1.54069
0.0913,1.5401
0.09135,1.54126
0.0914,1.54109
0.09145,1.54129
0.0915,1.54089
0.09155,1.53723
0.0916,1.53424
0.09165,1.53932
0.0917,1.5419
0.09175,1.54353
0.0918,1.54771
0.09185,1.54084
0.0919,1.5328
0.09195,1.53375
0.092,1.53846
0.09205,1.53851
0.0921,1.54124
0.09215,1.54341
0.0922,1.54641
0.09225,1.54576
0.0923,1.54829
0.09235,1.5466
0.0924,1.54371
0.09245,1.54574
0.0925,1.54112
0.09255,1.54034
0.0926,1.54728
0.09265,1.54827
0.0927,1.54968
0.09275,1.54814
0.0928,1.54592
0.09285,1.54309
0.0929,1.54364
0.09295,1.54736
0.093,1.54736
0.09305,1.548
0.0931,1.54721
0.09315,1.54812
0.0932,1.54972
0.09325,1.55171
0.0933,1.54629
0.09335,1.54785
0.0934,1.54566
0.09345,1.55223
0.0935,1.55145
0.09355,1.55056
0.0936,1.54713
0.09365,1.54672
0.0937,1.54753
0.09375,1.54937
0.0938,1.54928
0.09385,1.55026
0.0939,1.55436
0.09395,1.55299
0.094,1.55114
0.09405,1.55067
0.0941,1.54806
0.09415,1.54634
0.0942,1.55165
0.09425,1.55499
0.0943,1.5511
0.09435,1.55096
0.0944,1.55336
0.09445,1.5502
0.0945,1.55087
0.09455,1.55151
0.0946,1.55423
0.09465,1.55632
0.0947,1.55859
0.09475,1.56152
0.0948,1.5574
0.09485,1.55429
0.0949,1.55354
0.09495,1.55542
0.095,1.55699
0.09505,1.55557
0.0951,1.55477
0.09515,1.55125
0.0952,1.55416
0.09525,1.55209
0.0953,1.55499
0.09535,1.55639
0.0954,1.55302
0.09545,1.55723
0.0955,1.55633
0.09555,1.55331
0.0956,1.55668
0.09565,1.55874
0.0957,1.56298
0.09575,1.56779
0.0958,1.56431
0.09585,1.56111
0.0959,1.55697
0.09595,1.55682
0.096,1.56349
0.09605,1.56274
0.0961,1.56132
0.09615,1.56466
0.0962,1.55897
0.09625,1.55271
0.0963,1.55725
0.09635,1.56425
0.0964,1.56689
0.09645,1.56579
0.0965,1.55935
0.09655,1.56617
0.0966,1.56559
0.09665,1.5616
0.0967,1.56202
0.09675,1.56446
0.0968,1.56234
0.09685,1.561
0.0969,1.56114
0.09695,1.56393
0.097,1.56117
0.09705,1.56712
0.0971,1.57286
0.09715,1.56823
0.0972,1.56803
0.09725,1.57103
0.0973,1.56697
0.09735,1.56517
0.0974,1.56214
0.09745,1.56002
0.0975,1.56497
0.09755,1.56469
0.0976,1.566
0.09765,1.56843
0.0977,1.57035
0.09775,1.56306
0.0978,1.56221
0.09785,1.56379
0.0979,1.56259
0.09795,1.56384
0.098,1.57133
0.09805,1.57084
0.0981,1.57153
0.09815,1.57417
0.0982,1.57453
0.09825,1.57228
0.0983,1.57348
0.09835,1.56921
0.0984,1.56874
0.09845,1.56602
0.0985,1.56893
0.09855,1.5722
0.0986,1.5717
0.09865,1.57304
0.0987,1.57476
0.09875,1.57351
0.0988,1.57331
0.09885,1.57615
0.0989,1.57701
0.09895,1.57838
0.099,1.57299
0.09905,1.57308
0.0991,1.57011
0.09915,1.57394
0.0992,1.57684
0.09925,1.57969
0.0993,1.57589
0.09935,1.57528
0.0994,1.57365
0.09945,1.5782
0.0995,1.57975
0.09955,1.57832
0.0996,1.57371
0.09965,1.57501
0.0997,1.57708
0.09975,1.5772
0.0998,1.57591
0.09985,1.5787
0.0999,1.58232
0.09995,1.58052
0.1,1.57791
0.10005,1.57342
0.1001,1.57537
0.10015,1.57896
0.1002,1.57786
0.10025,1.57534
0.1003,1.58131
0.10035,1.58595
0.1004,1.58459
0.10045,1.57826
0.1005,1.58123
0.10055,1.58093
0.1006,1.57855
0.10065,1.57966
0.1007,1.57847
0.10075,1.57766
0.1008,1.57922
0.10085,1.58084
0.1009,1.57362
0.10095,1.57264
0.101,1.57508
0.10105,1.57768
0.1011,1.57667
0.10115,1.57992
0.1012,1.58296
0.10125,1.58096
0.1013,1.57806
0.10135,1.57716
0.1014,1.58247
0.10145,1.58796
0.1015,1.58433
0.10155,1.582
0.1016,1.58413
0.10165,1.58653
0.1017,1.5834
0.10175,1.5802
0.1018,1.58445
0.10185,1.58874
0.1019,1.5857
0.10195,1.58387
0.102,1.58056
0.10205,1.57891
0.1021,1.58149
0.10215,1.58589
0.1022,1.58955
0.10225,1.58952
0.1023,1.58636
0.10235,1.587
0.1024,1.58831
0.10245,1.58894
0.1025,1.5885
0.10255,1.59114
0.1026,1.59108
0.10265,1.58763
0.1027,1.58529
0.10275,1.58552
0.1028,1.58216
0.10285,1.58197
0.1029,1.58097
0.10295,1.583
0.103,1.58517
0.10305,1.58522
0.1031,1.58317
0.10315,1.58334
0.1032,1.58444
0.10325,1.58978
0.1033,1.58975
0.10335,1.58865
0.1034,1.58444
0.10345,1.58757
0.1035,1.58984
0.10355,1.59124
0.1036,1.59108
0.10365,1.58647
0.1037,1.58305
0.10375,1.58277
0.1038,1.58503
0.10385,1.59007
0.1039,1.59098
0.10395,1.59138
0.104,1.59301
0.10405,1.59693
0.1041,1.59594
0.10415,1.59605
0.1042,1.59626
0.10425,1.59693
0.1043,1.59617
0.10435,1.59382
0.1044,1.59495
0.10445,1.59608
0.1045,1.59333
0.10455,1.59211
0.1046,1.59686
0.10465,1.59428
0.1047,1.59382
0.10475,1.59683
0.1048,1.59375
0.10485,1.59233
0.1049,1.59642
0.10495,1.59689
0.105,1.59797
0.10505,1.59873
0.1051,1.5986
0.10515,1.59471
0.1052,1.59095
0.10525,1.59428
0.1053,1.59478
0.10535,1.59678
0.1054,1.59793
0.10545,1.5987
0.1055,1.5953
0.10555,1.59225
0.1056,1.59246
0.10565,1.59211
0.1057,1.59259
0.10575,1.59829
0.1058,1.59576
0.10585,1.59463
0.1059,1.60012
0.10595,1.6051
0.106,1.60595
0.10605,1.60504
0.1061,1.59896
0.10615,1.59585
0.1062,1.59873
0.10625,1.60064
0.1063,1.5995
0.10635,1.59625
0.1064,1.59541
0.10645,1.59848
0.1065,1.59877
0.10655,1.60083
0.1066,1.59977
0.10665,1.59881
0.1067,1.59814
0.10675,1.59902
0.1068,1.60121
0.10685,1.59799
0.1069,1.5986
0.10695,1.59948
0.107,1.60072
0.10705,1.6027
0.1071,1.60218
0.10715,1.60188
0.1072,1.60391
0.10725,1.6034
0.1073,1.60667
0.10735,1.60585
0.1074,1.5987
0.10745,1.59973
0.1075,1.6063
0.10755,1.6065
0.1076,1.60685
0.10765,1.60336
0.1077,1.60105
0.10775,1.60621
0.1078,1.60878
0.10785,1.6081
0.1079,1.61019
0.10795,1.61131
0.108,1.61021
0.10805,1.60545
0.1081,1.60235
0.10815,1.60108
0.1082,1.60199
0.10825,1.60347
0.1083,1.60537
0.10835,1.6042
0.1084,1.60653
0.10845,1.60961
0.1085,1.60655
0.10855,1.60829
0.1086,1.60965
0.10865,1.61071
0.1087,1.61004
0.10875,1.60664
0.1088,1.60826
0.10885,1.61198
0.1089,1.60636
0.10895,1.60711
0.109,1.60858
0.10905,1.6015
0.1091,1.59941
0.10915,1.60298
0.1092,1.60684
0.10925,1.6092
0.1093,1.60653
0.10935,1.60725
0.1094,1.60833
0.10945,1.6108
0.1095,1.6134
0.10955,1.61203
0.1096,1.61151
0.10965,1.6132
0.1097,1.61459
0.10975,1.61409
0.1098,1.61222
0.10985,1.61184
0.1099,1.61544
0.10995,1.61793
0.11,1.61799
0.11005,1.61552
0.1101,1.61711
0.11015,1.61578
0.1102,1.61528
0.11025,1.62039
0.1103,1.61645
0.11035,1.62072
0.1104,1.62361
0.11045,1.62419
0.1105,1.62139
0.11055,1.61842
0.1106,1.61705
0.11065,1.61816
0.1107,1.61753
0.11075,1.61514
0.1108,1.61842
0.11085,1.61564
0.1109,1.60975
0.11095,1.61105
0.111,1.62258
0.11105,1.62034
0.1111,1.62036
0.11115,1.62162
0.1112,1.61996
0.11125,1.62374
0.1113,1.62309
0.11135,1.61979
0.1114,1.62333
0.11145,1.62655
0.1115,1.62541
0.11155,1.6202
0.1116,1.61569
0.11165,1.6157
0.1117,1.61747
0.11175,1.62142
0.1118,1.62741
0.11185,1.62747
0.1119,1.628
0.11195,1.62217
0.112,1.62142
0.11205,1.62191
0.1121,1.62405
0.11215,1.62464
0.1122,1.62873
0.11225,1.62446
0.1123,1.61967
0.11235,1.61631
0.1124,1.61639
0.11245,1.61982
0.1125,1.62129
0.11255,1.62185
0.1126,1.62486
0.11265,1.62945
0.1127,1.62963
0.11275,1.61923
0.1128,1.61256
0.11285,1.61022
0.1129,1.61692
0.11295,1.62518
0.113,1.63024
0.11305,1.63261
0.1131,1.63002
0.11315,1.62544
0.1132,1.6159
0.11325,1.61538
0.1133,1.62155
0.11335,1.62565
0.1134,1.62564
0.11345,1.63168
0.1135,1.62878
0.11355,1.61975
0.1136,1.62258
0.11365,1.63258
0.1137,1.63714
0.11375,1.63436
0.1138,1.62985
0.11385,1.63226
0.1139,1.6332
0.11395,1.6305
0.114,1.62672
0.11405,1.62858
0.1141,1.6298
0.11415,1.63331
0.1142,1.6356
0.11425,1.637
0.1143,1.63121
0.11435,1.63122
0.1144,1.62921
0.11445,1.62887
0.1145,1.63037
0.11455,1.63317
0.1146,1.63406
0.11465,1.6327
0.1147,1.63049
0.11475,1.6316
0.1148,1.63166
0.11485,1.63682
0.1149,1.64202
0.11495,1.63803
0.115,1.63572
0.11505,1.63755
0.1151,1.63502
0.11515,1.63237
0.1152,1.63284
0.11525,1.63415
0.1153,1.63621
0.11535,1.63946
0.1154,1.641
0.11545,1.63888
0.1155,1.6401
0.11555,1.63884
0.1156,1.63572
0.11565,1.63349
0.1157,1.63066
0.11575,1.634
0.1158,1.63896
0.11585,1.64068
0.1159,1.64605
0.11595,1.64547
0.116,1.64262
0.11605,1.63909
0.1161,1.6379
0.11615,1.6356
0.1162,1.63487
0.11625,1.64285
0.1163,1.645
0.11635,1.64341
0.1164,1.64161
0.11645,1.64128
0.1165,1.64433
0.11655,1.65403
0.1166,1.64941
0.11665,1.64122
0.1167,1.64024
0.11675,1.63728
0.1168,1.6381
0.11685,1.63955
0.1169,1.64263
0.11695,1.64427
0.117,1.64086
0.11705,1.64114
0.1171,1.64128
0.11715,1.63972
0.1172,1.64302
0.11725,1.64375
0.1173,1.6423
0.11735,1.63999
0.1174,1.64126
0.11745,1.64335
0.1175,1.6495
0.11755,1.65124
0.1176,1.64767
0.11765,1.64173
0.1177,1.64297
0.11775,1.64476
0.1178,1.65243
0.11785,1.65243
0.1179,1.65271
0.11795,1.65202
0.118,1.64735
0.11805,1.64492
0.1181,1.64306
0.11815,1.641
0.1182,1.63771
0.11825,1.63972
0.1183,1.64051
0.11835,1.64506
0.1184,1.64463
0.11845,1.64105
0.1185,1.6417
0.11855,1.64711
0.1186,1.64503
0.11865,1.64505
0.1187,1.64559
0.11875,1.64839
0.1188,1.65034
0.11885,1.65336
0.1189,1.65605
0.11895,1.65911
0.119,1.64888
0.11905,1.6466
0.1191,1.65226
0.11915,1.65667
0.1192,1.65869
0.11925,1.65783
0.1193,1.65185
0.11935,1.64775
0.1194,1.64892
0.11945,1.64848
0.1195,1.65184
0.11955,1.65176
0.1196,1.64961
0.11965,1.65406
0.1197,1.65293
0.11975,1.64903
0.1198,1.6549
0.11985,1.66001
0.1199,1.65742
0.11995,1.65681
0.12,1.65617
0.12005,1.65339
0.1201,1.65271
0.12015,1.65267
0.1202,1.65528
0.12025,1.65794
0.1203,1.6578
0.12035,1.65454
0.1204,1.65414
0.12045,1.6562
0.1205,1.6565
0.12055,1.65525
0.1206,1.65765
0.12065,1.6538
0.1207,1.65892
0.12075,1.66291
0.1208,1.66192
0.12085,1.66101
0.1209,1.65539
0.12095,1.65617
0.121,1.65435
0.12105,1.65205
0.1211,1.65527
0.12115,1.65956
0.1212,1.65982
0.12125,1.65948
0.1213,1.65759
0.12135,1.65466
0.1214,1.65394
0.12145,1.65805
0.1215,1.654
0.12155,1.65621
0.1216,1.6578
0.12165,1.65531
0.1217,1.65603
0.12175,1.65425
0.1218,1.65593
0.12185,1.65528
0.1219,1.65261
0.12195,1.65687
0.122,1.65779
0.12205,1.66244
0.1221,1.66432
0.12215,1.66481
0.1222,1.66162
0.12225,1.66153
0.1223,1.66925
0.12235,1.67439
0.1224,1.66682
0.12245,1.66606
0.1225,1.66813
0.12255,1.67012
0.1226,1.67074
0.12265,1.67355
0.1227,1.67019
0.12275,1.6716
0.1228,1.66676
0.12285,1.66111
0.1229,1.66172
0.12295,1.66389
0.123,1.6633
0.12305,1.66098
0.1231,1.66201
0.12315,1.66439
0.1232,1.66656
0.12325,1.66507
0.1233,1.66313
0.12335,1.66426
0.1234,1.67082
0.12345,1.67108
0.1235,1.67309
0.12355,1.67585
0.1236,1.67298
0.12365,1.67115
0.1237,1.67015
0.12375,1.66989
0.1238,1.67259
0.12385,1.67253
0.1239,1.67182
0.12395,1.66838
0.124,1.66604
0.12405,1.66909
0.1241,1.66934
0.12415,1.66299
0.1242,1.66323
0.12425,1.66941
0.1243,1.67257
0.12435,1.66957
0.1244,1.66554
0.12445,1.66886
0.1245,1.67271
0.12455,1.6698
0.1246,1.66937
0.12465,1.67088
0.1247,1.67051
0.12475,1.67073
0.1248,1.6719
0.12485,1.67015
0.1249,1.67512
0.12495,1.67529
0.125,1.67807
0.12505,1.67895
0.1251,1.67692
0.12515,1.67655
0.1252,1.67478
0.12525,1.67825
0.1253,1.67776
0.12535,1.67355
0.1254,1.67225
0.12545,1.67126
0.1255,1.67405
0.12555,1.67768
0.1256,1.67478
0.12565,1.67395
0.1257,1.66793
0.12575,1.67036
0.1258,1.66729
0.12585,1.66545
0.1259,1.66597
0.12595,1.66926
0.126,1.6715
0.12605,1.67417
0.1261,1.66822
0.12615,1.6701
0.1262,1.67558
0.12625,1.67671
0.1263,1.6754
0.12635,1.67886
0.1264,1.68002
0.12645,1.6835
0.1265,1.68133
0.12655,1.68264
0.1266,1.68495
0.12665,1.68092
0.1267,1.67524
0.12675,1.67445
0.1268,1.67559
0.12685,1.67759
0.1269,1.67953
0.12695,1.67904
0.127,1.67703
0.12705,1.67819
0.1271,1.68058
0.12715,1.68147
0.1272,1.67901
0.12725,1.68219
0.1273,1.68472
0.12735,1.68031
0.1274,1.6788
0.12745,1.67993
0.1275,1.68623
0.12755,1.68405
0.1276,1.68277
0.12765,1.68621
0.1277,1.68711
0.12775,1.68306
0.1278,1.68298
0.12785,1.68498
0.1279,1.68739
0.12795,1.68106
0.128,1.68417
0.12805,1.68516
0.1281,1.68309
0.12815,1.6836
0.1282,1.68569
0.12825,1.68141
0.1283,1.68127
0.12835,1.68228
0.1284,1.67971
0.12845,1.68109
0.1285,1.68177
0.12855,1.68206
0.1286,1.68096
0.12865,1.67817
0.1287,1.68028
0.12875,1.68414
0.1288,1.68541
0.12885,1.68901
0.1289,1.6864
0.12895,1.68298
0.129,1.68461
0.12905,1.69236
0.1291,1.69589
0.12915,1.69668
0.1292,1.69334
0.12925,1.68301
0.1293,1.68524
0.12935,1.6849
0.1294,1.68199
0.12945,1.68417
0.1295,1.68722
0.12955,1.68827
0.1296,1.68798
0.12965,1.69068
0.1297,1.69464
0.12975,1.70158
0.1298,1.69995
0.12985,1.69306
0.1299,1.68997
0.12995,1.69149
0.13,1.69432
0.13005,1.69618
0.1301,1.69429
0.13015,1.69627
0.1302,1.68995
0.13025,1.68621
0.1303,1.69014
0.13035,1.68949
0.1304,1.68644
0.13045,1.68238
0.1305,1.68702
0.13055,1.693
0.1306,1.68907
0.13065,1.68612
0.1307,1.68826
0.13075,1.68757
0.1308,1.6891
0.13085,1.6909
0.1309,1.69265
0.13095,1.6939
0.131,1.69943
0.13105,1.70275
0.1311,1.70101
0.13115,1.70118
0.1312,1.70105
0.13125,1.70295
0.1313,1.69747
0.13135,1.69718
0.1314,1.70101
0.13145,1.70117
0.1315,1.70152
0.13155,1.70103
0.1316,1.69781
0.13165,1.69267
0.1317,1.69773
0.13175,1.69932
0.1318,1.6977
0.13185,1.69215
0.1319,1.69104
0.13195,1.69216
0.132,1.69537
0.13205,1.69471
0.1321,1.70025
0.13215,1.69853
0.1322,1.69487
0.13225,1.69342
0.1323,1.69148
0.13235,1.68801
0.1324,1.69764
0.13245,1.69876
0.1325,1.69784
0.13255,1.70037
0.1326,1.70117
0.13265,1.7042
0.1327,1.70716
0.13275,1.70903
0.1328,1.70446
0.13285,1.70282
0.1329,1.70867
0.13295,1.71102
0.133,1.71035
0.13305,1.70442
0.1331,1.70077
0.13315,1.70036
0.1332,1.70639
0.13325,1.70887
0.1333,1.7019
0.13335,1.69574
0.1334,1.69682
0.13345,1.70198
0.1335,1.70477
0.13355,1.7048
0.1336,1.70848
0.13365,1.70723
0.1337,1.71077
0.13375,1.71229
0.1338,1.70872
0.13385,1.70692
0.1339,1.70512
0.13395,1.70381
0.134,1.70457
0.13405,1.70892
0.1341,1.71118
0.13415,1.70677
0.1342,1.7095
0.13425,1.71362
0.1343,1.71501
0.13435,1.70909
0.1344,1.71041
0.13445,1.70965
0.1345,1.71055
0.13455,1.71304
0.1346,1.71592
0.13465,1.71279
0.1347,1.71102
0.13475,1.70623
0.1348,1.70378
0.13485,1.69969
0.1349,1.70205
0.13495,1.70478
0.135,1.70187
0.13505,1.70507
0.1351,1.70771
0.13515,1.71104
0.1352,1.71246
0.13525,1.71212
0.1353,1.71316
0.13535,1.70976
0.1354,1.70631
0.13545,1.70723
0.1355,1.70762
0.13555,1.70704
0.1356,1.70848
0.13565,1.70806
0.1357,1.70887
0.13575,1.71249
0.1358,1.7144
0.13585,1.71714
0.1359,1.72142
0.13595,1.71974
0.136,1.71827
0.13605,1.72062
0.1361,1.72052
0.13615,1.71655
0.1362,1.72131
0.13625,1.72232
0.1363,1.7245
0.13635,1.72329
0.1364,1.72134
0.13645,1.7267
0.1365,1.72163
0.13655,1.71711
0.1366,1.72038
0.13665,1.71728
0.1367,1.71394
0.13675,1.71667
0.1368,1.71633
0.13685,1.7145
0.1369,1.71293
0.13695,1.71237
0.137,1.71803
0.13705,1.71719
0.1371,1.7124
0.13715,1.7164
0.1372,1.72065
0.13725,1.72367
0.1373,1.72651
0.13735,1.72374
0.1374,1.72282
0.13745,1.72119
0.1375,1.72082
0.13755,1.71981
0.1376,1.72033
0.13765,1.71911
0.1377,1.72396
0.13775,1.72886
0.1378,1.73036
0.13785,1.7256
0.1379,1.71929
0.13795,1.72003
0.138,1.72718
0.13805,1.72375
0.1381,1.71905
0.13815,1.71943
0.1382,1.72164
0.13825,1.72006
0.1383,1.71701
0.13835,1.72103
0.1384,1.72087
0.13845,1.71836
0.1385,1.72077
0.13855,1.72206
0.1386,1.72181
0.13865,1.71989
0.1387,1.72329
0.13875,1.73283
0.1388,1.73541
0.13885,1.7308
0.1389,1.72984
0.13895,1.72847
0.139,1.7257
0.13905,1.72735
0.1391,1.72966
0.13915,1.72734
0.1392,1.7299
0.13925,1.73416
0.1393,1.73144
0.13935,1.73564
0.1394,1.73545
0.13945,1.73336
0.1395,1.7317
0.13955,1.7299
0.1396,1.73077
0.13965,1.72639
0.1397,1.72497
0.13975,1.723
0.1398,1.72882
0.13985,1.73515
0.1399,1.73698
0.13995,1.73593
0.14,1.73484
0.14005,1.73486
0.1401,1.73956
0.14015,1.73761
0.1402,1.7391
0.14025,1.73509
0.1403,1.7292
0.14035,1.72895
0.1404,1.73124
0.14045,1.73477
0.1405,1.73556
0.14055,1.7342
0.1406,1.72691
0.14065,1.73051
0.1407,1.72958
0.14075,1.73053
0.1408,1.72831
0.14085,1.73339
0.1409,1.738
0.14095,1.73205
0.141,1.72737
0.14105,1.73094
0.1411,1.73783
0.14115,1.74182
0.1412,1.74044
0.14125,1.73805
0.1413,1.73506
0.14135,1.73222
0.1414,1.73399
0.14145,1.73489
0.1415,1.74197
0.14155,1.74133
0.1416,1.73913
0.14165,1.73715
0.1417,1.73963
0.14175,1.73803
0.1418,1.74218
0.14185,1.74021
0.1419,1.73451
0.14195,1.7369
0.142,1.74194
0.14205,1.74252
0.1421,1.7386
0.14215,1.74049
0.1422,1.73613
0.14225,1.74009
0.1423,1.74136
0.14235,1.74467
0.1424,1.75038
0.14245,1.75036
0.1425,1.74127
0.14255,1.73704
0.1426,1.73565
0.14265,1.73745
0.1427,1.73307
0.14275,1.73179
0.1428,1.73527
0.14285,1.73884
0.1429,1.73718
0.14295,1.7378
0.143,1.7434
0.14305,1.74485
0.1431,1.74475
0.14315,1.74414
0.1432,1.73899
0.14325,1.73803
0.1433,1.74095
0.14335,1.74314
0.1434,1.74459
0.14345,1.74009
0.1435,1.74145
0.14355,1.74046
0.1436,1.73849
0.14365,1.73472
0.1437,1.73858
0.14375,1.7393
0.1438,1.73808
0.14385,1.73654
0.1439,1.7357
0.14395,1.73829
0.144,1.73886
0.14405,1.73707
0.1441,1.7449
0.14415,1.74786
0.1442,1.7463
0.14425,1.74829
0.1443,1.74868
0.14435,1.75399
0.1444,1.74996
0.14445,1.74392
0.1445,1.74386
0.14455,1.74948
0.1446,1.75228
0.14465,1.75541
0.1447,1.75276
0.14475,1.75239
0.1448,1.74998
0.14485,1.75437
0.1449,1.7526
0.14495,1.74844
0.145,1.74862
0.14505,1.74594
0.1451,1.74234
0.14515,1.74163
0.1452,1.73812
0.14525,1.74148
0.1453,1.74914
0.14535,1.75201
0.1454,1.7583
0.14545,1.75781
0.1455,1.757
0.14555,1.75518
0.1456,1.7552
0.14565,1.75643
0.1457,1.75705
0.14575,1.75682
0.1458,1.75027
0.14585,1.7555
0.1459,1.75711
0.14595,1.75231
0.146,1.75436
0.14605,1.7517
0.1461,1.74687
0.14615,1.74803
0.1462,1.75054
0.14625,1.75514
0.1463,1.75221
0.14635,1.75027
0.1464,1.74783
0.14645,1.74952
0.1465,1.75003
0.14655,1.75396
0.1466,1.75621
0.14665,1.75769
0.1467,1.7552
0.14675,1.75894
0.1468,1.75614
0.14685,1.75305
0.1469,1.75537
0.14695,1.75726
0.147,1.762
0.14705,1.76432
0.1471,1.75959
0.14715,1.7517
0.1472,1.74968
0.14725,1.75289
0.1473,1.7563
0.14735,1.76013
0.1474,1.75729
0.14745,1.75242
0.1475,1.75396
0.14755,1.75518
0.1476,1.75659
0.14765,1.75964
0.1477,1.76126
0.14775,1.75985
0.1478,1.75834
0.14785,1.7552
0.1479,1.75589
0.14795,1.76168
0.148,1.76197
0.14805,1.75642
0.1481,1.75764
0.14815,1.76165
0.1482,1.75846
0.14825,1.75434
0.1483,1.75412
0.14835,1.75042
0.1484,1.74766
0.14845,1.75196
0.1485,1.75474
0.14855,1.76249
0.1486,1.76066
0.14865,1.76136
0.1487,1.76197
0.14875,1.76084
0.1488,1.76628
0.14885,1.7658
0.1489,1.76301
0.14895,1.75891
0.149,1.76147
0.14905,1.76469
0.1491,1.76252
0.14915,1.75952
0.1492,1.7615
0.14925,1.76095
0.1493,1.75724
0.14935,1.75499
0.1494,1.75666
0.14945,1.76162
0.1495,1.76284
0.14955,1.76104
0.1496,1.76037
0.14965,1.76205
0.1497,1.76477
0.14975,1.76408
0.1498,1.76809
0.14985,1.76637
0.1499,1.76736
0.14995,1.76655
0.15,1.76313
0.15005,1.76263
0.1501,1.7649
0.15015,1.76574
0.1502,1.76872
0.15025,1.76785
0.1503,1.76695
0.15035,1.76924
0.1504,1.77169
0.15045,1.77211
0.1505,1.77246
0.15055,1.76727
0.1506,1.76536
0.15065,1.77121
0.1507,1.77516
0.15075,1.77119
0.1508,1.77081
0.15085,1.76812
0.1509,1.76748
0.15095,1.76655
0.151,1.76234
0.15105,1.76728
0.1511,1.77381
0.15115,1.77673
0.1512,1.77883
0.15125,1.77781
0.1513,1.77557
0.15135,1.77218
0.1514,1.76895
0.15145,1.76957
0.1515,1.7685
0.15155,1.76759
0.1516,1.76901
0.15165,1.76893
0.1517,1.77102
0.15175,1.76768
0.1518,1.76728
0.15185,1.77005
0.1519,1.77533
0.15195,1.77572
0.152,1.77299
0.15205,1.77446
0.1521,1.78002
0.15215,1.77825
0.1522,1.77757
0.15225,1.77865
0.1523,1.77993
0.15235,1.77659
0.1524,1.77354
0.15245,1.76937
0.1525,1.77111
0.15255,1.7803
0.1526,1.78227
0.15265,1.77604
0.1527,1.76693
0.15275,1.76913
0.1528,1.77134
0.15285,1.77285
0.1529,1.77098
0.15295,1.77623
0.153,1.77774
0.15305,1.76663
0.1531,1.76924
0.15315,1.77507
0.1532,1.77743
0.15325,1.77356
0.1533,1.77514
0.15335,1.78033
0.1534,1.77972
0.15345,1.77946
0.1535,1.7843
0.15355,1.78288
0.1536,1.78395
0.15365,1.78599
0.1537,1.78503
0.15375,1.78562
0.1538,1.78295
0.15385,1.78654
0.1539,1.79084
0.15395,1.79031
0.154,1.78611
0.15405,1.78387
0.1541,1.77887
0.15415,1.77467
0.1542,1.77914
0.15425,1.78312
0.1543,1.78433
0.15435,1.78614
0.1544,1.7817
0.15445,1.77844
0.1545,1.78016
0.15455,1.77992
0.1546,1.78277
0.15465,1.7861
0.1547,1.78202
0.15475,1.78782
0.1548,1.79325
0.15485,1.79159
0.1549,1.79081
0.15495,1.79315
0.155,1.79188
0.15505,1.79179
0.1551,1.79447
0.15515,1.79133
0.1552,1.79156
0.15525,1.79045
0.1553,1.79432
0.15535,1.79431
0.1554,1.79643
0.15545,1.79571
0.1555,1.79266
0.15555,1.78672
0.1556,1.78572
0.15565,1.78862
0.1557,1.78997
0.15575,1.78897
0.1558,1.78692
0.15585,1.78944
0.1559,1.7909
0.15595,1.79087
0.156,1.79216
0.15605,1.7909
0.1561,1.79145
0.15615,1.78826
0.1562,1.78958
0.15625,1.78965
0.1563,1.78802
0.15635,1.78398
0.1564,1.79095
0.15645,1.79173
0.1565,1.79068
0.15655,1.78889
0.1566,1.79766
0.15665,1.7987
0.1567,1.79361
0.15675,1.78579
0.1568,1.79213
0.15685,1.79998
0.1569,1.80078
0.15695,1.79606
0.157,1.79219
0.15705,1.79675
0.1571,1.79266
0.15715,1.7895
0.1572,1.79373
0.15725,1.79441
0.1573,1.7965
0.15735,1.79507
0.1574,1.79295
0.15745,1.79209
0.1575,1.79307
0.15755,1.7911
0.1576,1.79217
0.15765,1.79119
0.1577,1.79148
0.15775,1.79289
0.1578,1.79681
0.15785,1.8072
0.1579,1.80998
0.15795,1.80722
0.158,1.80529
0.15805,1.80593
0.1581,1.80807
0.15815,1.80621
0.1582,1.79901
0.15825,1.79429
0.1583,1.78907
0.15835,1.79586
0.1584,1.79591
0.15845,1.79544
0.1585,1.79615
0.15855,1.79396
0.1586,1.7918
0.15865,1.79383
0.1587,1.79797
0.15875,1.80284
0.1588,1.8038
0.15885,1.8002
0.1589,1.80246
0.15895,1.80084
0.159,1.80291
0.15905,1.80465
0.1591,1.80615
0.15915,1.81364
0.1592,1.81085
0.15925,1.80853
0.1593,1.80912
0.15935,1.80448
0.1594,1.80549
0.15945,1.80186
0.1595,1.79846
0.15955,1.80076
0.1596,1.79847
0.15965,1.80183
0.1597,1.8083
0.15975,1.80432
0.1598,1.80505
0.15985,1.80146
0.1599,1.80304
0.15995,1.80464
0.16,1.80419
0.16005,1.80334
0.1601,1.80108
0.16015,1.80528
0.1602,1.81085
0.16025,1.81205
0.1603,1.81573
0.16035,1.8157
0.1604,1.81407
0.16045,1.81279
0.1605,1.81538
0.16055,1.81359
0.1606,1.81225
0.16065,1.8099
0.1607,1.81085
0.16075,1.80918
0.1608,1.81169
0.16085,1.81105
0.1609,1.81004
0.16095,1.80693
0.161,1.807
0.16105,1.80465
0.1611,1.80677
0.16115,1.81126
0.1612,1.81286
0.16125,1.81498
0.1613,1.81256
0.16135,1.81605
0.1614,1.81721
0.16145,1.81395
0.1615,1.81404
0.16155,1.81195
0.1616,1.81381
0.16165,1.81517
0.1617,1.81184
0.16175,1.8116
0.1618,1.81492
0.16185,1.81959
0.1619,1.8224
0.16195,1.81353
0.162,1.81333
0.16205,1.81318
0.1621,1.81689
0.16215,1.81547
0.1622,1.81137
0.16225,1.80891
0.1623,1.81237
0.16235,1.81408
0.1624,1.81439
0.16245,1.81501
0.1625,1.81768
0.16255,1.81456
0.1626,1.81167
0.16265,1.81466
0.1627,1.8139
0.16275,1.81506
0.1628,1.81614
0.16285,1.81381
0.1629,1.80883
0.16295,1.81593
0.163,1.81573
0.16305,1.81456
0.1631,1.81631
0.16315,1.81054
0.1632,1.81004
0.16325,1.81543
0.1633,1.81971
0.16335,1.81654
0.1634,1.81446
0.16345,1.81265
0.1635,1.81539
0.16355,1.81724
0.1636,1.81529
0.16365,1.81691
0.1637,1.81616
0.16375,1.81999
0.1638,1.82162
0.16385,1.82087
0.1639,1.81489
0.16395,1.81463
0.164,1.8171
0.16405,1.81869
0.1641,1.82086
0.16415,1.82235
0.1642,1.81739
0.16425,1.82054
0.1643,1.82342
0.16435,1.8255
0.1644,1.82362
0.16445,1.82107
0.1645,1.82086
0.16455,1.82261
0.1646,1.82817
0.16465,1.82795
0.1647,1.82565
0.16475,1.83146
0.1648,1.82997
0.16485,1.82304
0.1649,1.8163
0.16495,1.82267
0.165,1.82196
0.16505,1.82464
0.1651,1.82438
0.16515,1.82334
0.1652,1.82568
0.16525,1.82116
0.1653,1.81941
0.16535,1.82173
0.1654,1.82106
0.16545,1.82984
0.1655,1.83203
0.16555,1.82478
0.1656,1.82557
0.16565,1.82348
0.1657,1.82473
0.16575,1.82858
0.1658,1.83424
0.16585,1.83506
0.1659,1.82943
0.16595,1.82556
0.166,1.82759
0.16605,1.83194
0.1661,1.83535
0.16615,1.83325
0.1662,1.8269
0.16625,1.82138
0.1663,1.82601
0.16635,1.8311
0.1664,1.83299
0.16645,1.83285
0.1665,1.83021
0.16655,1.83113
0.1666,1.82997
0.16665,1.82905
0.1667,1.82377
0.16675,1.82334
0.1668,1.82255
0.16685,1.82597
0.1669,1.83049
0.16695,1.83218
0.167,1.8383
0.16705,1.83497
0.1671,1.83435
0.16715,1.83474
0.1672,1.83349
0.16725,1.83122
0.1673,1.82495
0.16735,1.82331
0.1674,1.82554
0.16745,1.8271
0.1675,1.82833
0.16755,1.83107
0.1676,1.82926
0.16765,1.82843
0.1677,1.82774
0.16775,1.83126
0.1678,1.83486
0.16785,1.83802
0.1679,1.83908
0.16795,1.83482
0.168,1.8383
0.16805,1.83657
0.1681,1.83198
0.16815,1.83154
0.1682,1.83213
0.16825,1.82649
0.1683,1.82959
0.16835,1.83744
0.1684,1.8381
0.16845,1.83299
0.1685,1.83384
0.16855,1.8388
0.1686,1.84343
0.16865,1.83958
0.1687,1.8321
0.16875,1.83271
0.1688,1.83879
0.16885,1.83946
0.1689,1.8325
0.16895,1.82862
0.169,1.82748
0.16905,1.83328
0.1691,1.83955
0.16915,1.84109
0.1692,1.83183
0.16925,1.83059
0.1693,1.84013
0.16935,1.84429
0.1694,1.84172
0.16945,1.83647
0.1695,1.84033
0.16955,1.84176
0.1696,1.84187
0.16965,1.84228
0.1697,1.84094
0.16975,1.8405
0.1698,1.83866
0.16985,1.83691
0.1699,1.83683
0.16995,1.83992
0.17,1.84428
0.17005,1.84365
0.1701,1.84059
0.17015,1.84283
0.1702,1.84387
0.17025,1.83982
0.1703,1.83908
0.17035,1.84204
0.1704,1.84144
0.17045,1.83839
0.1705,1.84497
0.17055,1.84713
0.1706,1.84993
0.17065,1.84968
0.1707,1.84843
0.17075,1.84547
0.1708,1.84521
0.17085,1.84588
0.1709,1.84581
0.17095,1.85005
0.171,1.84881
0.17105,1.84687
0.1711,1.84314
0.17115,1.83886
0.1712,1.83827
0.17125,1.83929
0.1713,1.83908
0.17135,1.83265
0.1714,1.83389
0.17145,1.83876
0.1715,1.83902
0.17155,1.84219
0.1716,1.84159
0.17165,1.83754
0.1717,1.84288
0.17175,1.84845
0.1718,1.8535
0.17185,1.8567
0.1719,1.85699
0.17195,1.85965
0.172,1.85653
0.17205,1.8545
0.1721,1.84988
0.17215,1.84826
0.1722,1.84805
0.17225,1.8444
0.1723,1.84307
0.17235,1.84864
0.1724,1.84912
0.17245,1.847
0.1725,1.84663
0.17255,1.84376
0.1726,1.84726
0.17265,1.84687
0.1727,1.85046
0.17275,1.85096
0.1728,1.8556
0.17285,1.8551
0.1729,1.85031
0.17295,1.85011
0.173,1.85682
0.17305,1.85652
0.1731,1.85903
0.17315,1.85508
0.1732,1.85081
0.17325,1.85055
0.1733,1.85697
0.17335,1.85932
0.1734,1.85943
0.17345,1.85669
0.1735,1.85232
0.17355,1.84945
0.1736,1.85028
0.17365,1.85104
0.1737,1.85803
0.17375,1.86207
0.1738,1.8637
0.17385,1.86293
0.1739,1.85897
0.17395,1.85749
0.174,1.86131
0.17405,1.85844
0.1741,1.86045
0.17415,1.86447
0.1742,1.86401
0.17425,1.86637
0.1743,1.86172
0.17435,1.85557
0.1744,1.8562
0.17445,1.85391
0.1745,1.85368
0.17455,1.86033
0.1746,1.85829
0.17465,1.85809
0.1747,1.86174
0.17475,1.86103
0.1748,1.86434
0.17485,1.86143
0.1749,1.86288
0.17495,1.86132
0.175,1.86171
0.17505,1.8592
0.1751,1.85722
0.17515,1.86264
0.1752,1.8632
0.17525,1.86302
0.1753,1.86358
0.17535,1.86554
0.1754,1.86434
0.17545,1.86247
0.1755,1.86509
0.17555,1.86431
0.1756,1.86586
0.17565,1.86013
0.1757,1.86045
0.17575,1.86305
0.1758,1.86004
0.17585,1.86102
0.1759,1.85531
0.17595,1.85356
0.176,1.85922
0.17605,1.86642
0.1761,1.86967
0.17615,1.87127
0.1762,1.8695
0.17625,1.86302
0.1763,1.86663
0.17635,1.86668
0.1764,1.86541
0.17645,1.86848
0.1765,1.87277
0.17655,1.87577
0.1766,1.87129
0.17665,1.8675
0.1767,1.87176
0.17675,1.87313
0.1768,1.87028
0.17685,1.86981
0.1769,1.87028
0.17695,1.86828
0.177,1.86363
0.17705,1.86296
0.1771,1.86555
0.17715,1.86399
0.1772,1.86251
0.17725,1.86428
0.1773,1.86828
0.17735,1.86723
0.1774,1.87495
0.17745,1.8804
0.1775,1.87167
0.17755,1.86753
0.1776,1.86933
0.17765,1.8694
0.1777,1.8731
0.17775,1.87326
0.1778,1.86959
0.17785,1.86947
0.1779,1.87129
0.17795,1.87062
0.178,1.87085
0.17805,1.87335
0.1781,1.87655
0.17815,1.87361
0.1782,1.8684
0.17825,1.86897
0.1783,1.86935
0.17835,1.87374
0.1784,1.87663
0.17845,1.87468
0.1785,1.87435
0.17855,1.87872
0.1786,1.87768
0.17865,1.87754
0.1787,1.87565
0.17875,1.87361
0.1788,1.87281
0.17885,1.87397
0.1789,1.87278
0.17895,1.86923
0.179,1.87414
0.17905,1.87976
0.1791,1.88363
0.17915,1.88186
0.1792,1.88293
0.17925,1.88209
0.1793,1.8809
0.17935,1.87968
0.1794,1.87924
0.17945,1.8758
0.1795,1.87753
0.17955,1.88374
0.1796,1.88375
0.17965,1.88346
0.1797,1.8813
0.17975,1.87941
0.1798,1.87881
0.17985,1.88131
0.1799,1.8881
0.17995,1.88719
0.18,1.88189
0.18005,1.88072
0.1801,1.88407
0.18015,1.88563
0.1802,1.88855
0.18025,1.89224
0.1803,1.8854
0.18035,1.88507
0.1804,1.88029
0.18045,1.87982
0.1805,1.88072
0.18055,1.8822
0.1806,1.88371
0.18065,1.88482
0.1807,1.88125
0.18075,1.88499
0.1808,1.88702
0.18085,1.88496
0.1809,1.87768
0.18095,1.87675
0.181,1.87818
0.18105,1.8766
0.1811,1.87512
0.18115,1.87805
0.1812,1.87922
0.18125,1.8815
0.1813,1.88499
0.18135,1.88996
0.1814,1.88819
0.18145,1.88432
0.1815,1.88533
0.18155,1.8809
0.1816,1.88197
0.18165,1.88774
0.1817,1.88342
0.18175,1.88249
0.1818,1.88418
0.18185,1.89305
0.1819,1.8892
0.18195,1.88058
0.182,1.88133
0.18205,1.88546
0.1821,1.89219
0.18215,1.88707
0.1822,1.88591
0.18225,1.88542
0.1823,1.88961
0.18235,1.88807
0.1824,1.88578
0.18245,1.88612
0.1825,1.88624
0.18255,1.8851
0.1826,1.87728
0.18265,1.87864
0.1827,1.88012
0.18275,1.88028
0.1828,1.88467
0.18285,1.89454
0.1829,1.89695
0.18295,1.89605
0.183,1.89039
0.18305,1.88716
0.1831,1.89482
0.18315,1.89889
0.1832,1.89521
0.18325,1.89486
0.1833,1.89175
0.18335,1.89459
0.1834,1.89708
0.18345,1.89375
0.1835,1.89228
0.18355,1.8905
0.1836,1.89334
0.18365,1.89228
0.1837,1.89605
0.18375,1.89112
0.1838,1.88432
0.18385,1.88186
0.1839,1.88563
0.18395,1.88557
0.184,1.88768
0.18405,1.88557
0.1841,1.88717
0.18415,1.88497
0.1842,1.88592
0.18425,1.88879
0.1843,1.89105
0.18435,1.89822
0.1844,1.89733
0.18445,1.89459
0.1845,1.89375
0.18455,1.89956
0.1846,1.89535
0.18465,1.88983
0.1847,1.89302
0.18475,1.89874
0.1848,1.89138
0.18485,1.89352
0.1849,1.89627
0.18495,1.90202
0.185,1.90303
0.18505,1.90383
0.1851,1.9017
0.18515,1.90176
0.1852,1.89605
0.18525,1.8982
0.1853,1.90127
0.18535,1.90239
0.1854,1.9055
0.18545,1.90547
0.1855,1.90118
0.18555,1.89817
0.1856,1.89903
0.18565,1.89645
0.1857,1.89498
0.18575,1.89497
0.1858,1.89762
0.18585,1.8926
0.1859,1.89032
0.18595,1.89141
0.186,1.8912
0.18605,1.89476
0.1861,1.90023
0.18615,1.9021
0.1862,1.90542
0.18625,1.90634
0.1863,1.9064
0.18635,1.90557
0.1864,1.90577
0.18645,1.90652
0.1865,1.89938
0.18655,1.89537
0.1866,1.89453
0.18665,1.89614
0.1867,1.89791
0.18675,1.89559
0.1868,1.89756
0.18685,1.90103
0.1869,1.89769
0.18695,1.89816
0.187,1.90037
0.18705,1.9022
0.1871,1.8964
0.18715,1.89605
0.1872,1.89938
0.18725,1.90338
0.1873,1.90486
0.18735,1.90948
0.1874,1.91618
0.18745,1.91526
0.1875,1.90947
0.18755,1.90412
0.1876,1.90719
0.18765,1.91096
0.1877,1.91226
0.18775,1.90776
0.1878,1.90652
0.18785,1.90844
0.1879,1.90672
0.18795,1.90849
0.188,1.90954
0.18805,1.90902
0.1881,1.90753
0.18815,1.90496
0.1882,1.90042
0.18825,1.90573
0.1883,1.90715
0.18835,1.90928
0.1884,1.90567
0.18845,1.90487
0.1885,1.90731
0.18855,1.90783
0.1886,1.90646
0.18865,1.90582
0.1887,1.9087
0.18875,1.91017
0.1888,1.9091
0.18885,1.91287
0.1889,1.91215
0.18895,1.91032
0.189,1.90658
0.18905,1.90766
0.1891,1.90835
0.18915,1.91029
0.1892,1.90885
0.18925,1.9121
0.1893,1.9121
0.18935,1.91021
0.1894,1.90605
0.18945,1.91275
0.1895,1.91795
0.18955,1.91613
0.1896,1.91879
0.18965,1.91371
0.1897,1.90741
0.18975,1.90742
0.1898,1.91267
0.18985,1.91075
0.1899,1.91276
0.18995,1.91438
0.19,1.91285
0.19005,1.90556
0.1901,1.9093
0.19015,1.91482
0.1902,1.91943
0.19025,1.91551
0.1903,1.91195
0.19035,1.90829
0.1904,1.91032
0.19045,1.91163
0.1905,1.91265
0.19055,1.9168
0.1906,1.92141
0.19065,1.92076
0.1907,1.91679
0.19075,1.91232
0.1908,1.90985
0.19085,1.90893
0.1909,1.91479
0.19095,1.92009
0.191,1.92657
0.19105,1.92166
0.1911,1.92327
0.19115,1.92422
0.1912,1.92028
0.19125,1.92332
0.1913,1.92195
0.19135,1.91864
0.1914,1.92263
0.19145,1.91999
0.1915,1.91624
0.19155,1.91624
0.1916,1.91542
0.19165,1.92219
0.1917,1.92507
0.19175,1.91851
0.1918,1.92196
0.19185,1.92108
0.1919,1.91911
0.19195,1.92068
0.192,1.9143
0.19205,1.91351
0.1921,1.91796
0.19215,1.92236
0.1922,1.92021
0.19225,1.91699
0.1923,1.9183
0.19235,1.92018
0.1924,1.91507
0.19245,1.91931
0.1925,1.92283
0.19255,1.92538
0.1926,1.92787
0.19265,1.92974
0.1927,1.92994
0.19275,1.92492
0.1928,1.92013
0.19285,1.91995
0.1929,1.92482
0.19295,1.92861
0.193,1.93055
0.19305,1.93301
0.1931,1.934
0.19315,1.93193
0.1932,1.93145
0.19325,1.93069
0.1933,1.92663
0.19335,1.9226
0.1934,1.92642
0.19345,1.92707
0.1935,1.93071
0.19355,1.93193
0.1936,1.93707
0.19365,1.93566
0.1937,1.93872
0.19375,1.9421
0.1938,1.94055
0.19385,1.93647
0.1939,1.934
0.19395,1.93121
0.194,1.92619
0.19405,1.92384
0.1941,1.92179
0.19415,1.92518
0.1942,1.93368
0.19425,1.93846
0.1943,1.93449
0.19435,1.93306
0.1944,1.93159
0.19445,1.93107
0.1945,1.93397
0.19455,1.93457
0.1946,1.93354
0.19465,1.9355
0.1947,1.93742
0.19475,1.93121
0.1948,1.92457
0.19485,1.92364
0.1949,1.92817
0.19495,1.92668
0.195,1.92501
0.19505,1.92572
0.1951,1.92987
0.19515,1.93629
0.1952,1.93747
0.19525,1.9398
0.1953,1.94007
0.19535,1.9365
0.1954,1.93132
0.19545,1.92926
0.1955,1.93173
0.19555,1.93791
0.1956,1.94229
0.19565,1.94171
0.1957,1.94155
0.19575,1.93837
0.1958,1.9412
0.19585,1.94329
0.1959,1.94297
0.19595,1.93801
0.196,1.94517
0.19605,1.94679
0.1961,1.9411
0.19615,1.93753
0.1962,1.93852
0.19625,1.944
0.1963,1.94703
0.19635,1.94133
0.1964,1.94577
0.19645,1.94773
0.1965,1.94125
0.19655,1.9384
0.1966,1.93418
0.19665,1.93167
0.1967,1.93978
0.19675,1.94819
0.1968,1.94442
0.19685,1.93585
0.1969,1.93083
0.19695,1.93719
0.197,1.94232
0.19705,1.94354
0.1971,1.94097
0.19715,1.93701
0.1972,1.93464
0.19725,1.9344
0.1973,1.93747
0.19735,1.93994
0.1974,1.94393
0.19745,1.94512
0.1975,1.94395
0.19755,1.94018
0.1976,1.94209
0.19765,1.94668
0.1977,1.94462
0.19775,1.94291
0.1978,1.94183
0.19785,1.93869
0.1979,1.93925
0.19795,1.94233
0.198,1.94735
0.19805,1.943
0.1981,1.93849
0.19815,1.93855
0.1982,1.93763
0.19825,1.94644
0.1983,1.94995
0.19835,1.95158
0.1984,1.957
0.19845,1.96055
0.1985,1.95475
0.19855,1.94599
0.1986,1.94598
0.19865,1.95307
0.1987,1.95359
0.19875,1.95054
0.1988,1.94877
0.19885,1.94647
0.1989,1.94485
0.19895,1.94192
0.199,1.9431
0.19905,1.94511
0.1991,1.94677
0.19915,1.94749
0.1992,1.95138
0.19925,1.95208
0.1993,1.94847
0.19935,1.94693
0.1994,1.95042
0.19945,1.95214
0.1995,1.95101
0.19955,1.95271
0.1996,1.95405
0.19965,1.95608
0.1997,1.9599
0.19975,1.95962
0.1998,1.9638
0.19985,1.96516
0.1999,1.96637
0.19995,1.95806
0.2,1.95712
